"appearance_id","book_id","city_id"
"3658","17","298117"
"3659","17","1164076"
"3660","17","1253785"
"3661","17","1253786"
"3662","17","1262824"
"3663","17","1708291"
"3664","17","1712808"
"3665","17","2130421"
"3666","17","2300379"
"3667","17","2344600"
"3668","17","2356454"
"3669","17","2394824"
"3670","17","2410048"
"3671","17","2640729"
"3672","17","2648182"
"3673","17","2654187"
"3674","17","2661552"
"3675","17","3070291"
"3676","17","3667991"
"3677","17","3711668"
"3678","17","4081914"
"3679","17","4319435"
"3680","17","4440076"
"3681","17","4520760"
"3682","17","4529096"
"3683","17","5780802"
"3684","17","7260219"
"3685","18","113632"
"3686","18","178522"
"3687","18","281184"
"3688","18","286245"
"3689","18","289433"
"3690","18","298117"
"3691","18","305089"
"3692","18","309647"
"3693","18","361058"
"3694","18","492944"
"3695","18","580660"
"3696","18","668732"
"3697","18","686502"
"3698","18","711350"
"3699","18","736364"
"3700","18","741240"
"3701","18","749795"
"3702","18","943882"
"3703","18","1150490"
"3704","18","1164076"
"3705","18","1252887"
"3706","18","1253013"
"3707","18","1253785"
"3708","18","1253786"
"3709","18","1254675"
"3710","18","1257940"
"3711","18","1258061"
"3712","18","1262574"
"3713","18","1262824"
"3714","18","1263309"
"3715","18","1263311"
"3716","18","1267979"
"3717","18","1269751"
"3718","18","1273294"
"3719","18","1511330"
"3720","18","1513023"
"3721","18","1519030"
"3722","18","1528193"
"3723","18","1635283"
"3724","18","1693401"
"3725","18","1698829"
"3726","18","1698839"
"3727","18","1708291"
"3728","18","1712808"
"3729","18","1725919"
"3730","18","1854162"
"3731","18","1856586"
"3732","18","2130421"
"3733","18","2154219"
"3734","18","2165478"
"3735","18","2172264"
"3736","18","2179537"
"3737","18","2186280"
"3738","18","2216645"
"3739","18","2278158"
"3740","18","2284647"
"3741","18","2294206"
"3742","18","2300379"
"3743","18","2335953"
"3744","18","2339156"
"3745","18","2344600"
"3746","18","2356454"
"3747","18","2391893"
"3748","18","2394824"
"3749","18","2403094"
"3750","18","2410048"
"3751","18","2426240"
"3752","18","2485926"
"3753","18","2633352"
"3754","18","2634573"
"3755","18","2634579"
"3756","18","2634715"
"3757","18","2639268"
"3758","18","2640729"
"3759","18","2641810"
"3760","18","2643071"
"3761","18","2643743"
"3762","18","2650122"
"3763","18","2655138"
"3764","18","2655984"
"3765","18","2657996"
"3766","18","2661169"
"3767","18","2721259"
"3768","18","2749234"
"3769","18","2783985"
"3770","18","2797656"
"3771","18","2803010"
"3772","18","2940204"
"3773","18","2988507"
"3774","18","2988621"
"3775","18","2989317"
"3776","18","2989460"
"3777","18","2995469"
"3778","18","3046686"
"3779","18","3052241"
"3780","18","3070291"
"3781","18","3106050"
"3782","18","3106672"
"3783","18","3117409"
"3784","18","3164603"
"3785","18","3173775"
"3786","18","3175532"
"3787","18","3181631"
"3788","18","3185012"
"3789","18","3247449"
"3790","18","3359510"
"3791","18","3362349"
"3792","18","3395380"
"3793","18","3433956"
"3794","18","3437954"
"3795","18","3439525"
"3796","18","3439748"
"3797","18","3439749"
"3798","18","3442585"
"3799","18","3455784"
"3800","18","3514876"
"3801","18","3534915"
"3802","18","3553478"
"3803","18","3558771"
"3804","18","3563843"
"3805","18","3645213"
"3806","18","3667991"
"3807","18","3672778"
"3808","18","3682393"
"3809","18","3687925"
"3810","18","3689560"
"3811","18","3712076"
"3812","18","3839307"
"3813","18","3902377"
"3814","18","3938396"
"3815","18","4081914"
"3816","18","4103448"
"3817","18","4141363"
"3818","18","4160610"
"3819","18","4176380"
"3820","18","4177703"
"3821","18","4260210"
"3822","18","4271935"
"3823","18","4274277"
"3824","18","4314550"
"3825","18","4319435"
"3826","18","4373238"
"3827","18","4387990"
"3828","18","4440076"
"3829","18","4517698"
"3830","18","4520760"
"3831","18","4529096"
"3832","18","4542975"
"3833","18","4556165"
"3834","18","4562407"
"3835","18","4670234"
"3836","18","4677008"
"3837","18","4716805"
"3838","18","4717232"
"3839","18","4717560"
"3840","18","4744091"
"3841","18","4766586"
"3842","18","4776222"
"3843","18","4832294"
"3844","18","4880889"
"3845","18","4883078"
"3846","18","4887398"
"3847","18","4888015"
"3848","18","4890864"
"3849","18","4905006"
"3850","18","4915545"
"3851","18","4925006"
"3852","18","4930956"
"3853","18","4937557"
"3854","18","4941720"
"3855","18","5006250"
"3856","18","5043473"
"3857","18","5073965"
"3858","18","5091872"
"3859","18","5096798"
"3860","18","5098863"
"3861","18","5102213"
"3862","18","5105608"
"3863","18","5113779"
"3864","18","5120095"
"3865","18","5134086"
"3866","18","5134323"
"3867","18","5158164"
"3868","18","5224151"
"3869","18","5229794"
"3870","18","5275191"
"3871","18","5317058"
"3872","18","5327298"
"3873","18","5339631"
"3874","18","5359052"
"3875","18","5379439"
"3876","18","5379513"
"3877","18","5408406"
"3878","18","5443910"
"3879","18","5445820"
"3880","18","5511077"
"3881","18","5549222"
"3882","18","5688025"
"3883","18","5780802"
"3884","18","5807540"
"3885","18","5992996"
"3886","18","6058560"
"3887","18","6075081"
"3888","18","6094817"
"3889","18","6113355"
"3890","18","6167865"
"3891","18","6176823"
"3892","18","7260219"
"3893","18","11549785"
"3894","19","71273"
"3895","19","109223"
"3896","19","141736"
"3897","19","148730"
"3898","19","149151"
"3899","19","149606"
"3900","19","219057"
"3901","19","241131"
"3902","19","252270"
"3903","19","252601"
"3904","19","264371"
"3905","19","266826"
"3906","19","284011"
"3907","19","286245"
"3908","19","287286"
"3909","19","289433"
"3910","19","298117"
"3911","19","304013"
"3912","19","304081"
"3913","19","320871"
"3914","19","321572"
"3915","19","331038"
"3916","19","338998"
"3917","19","339219"
"3918","19","344420"
"3919","19","347612"
"3920","19","360630"
"3921","19","361058"
"3922","19","377241"
"3923","19","492944"
"3924","19","561731"
"3925","19","572665"
"3926","19","581671"
"3927","19","668732"
"3928","19","679452"
"3929","19","679550"
"3930","19","686254"
"3931","19","686502"
"3932","19","712861"
"3933","19","729581"
"3934","19","741240"
"3935","19","749795"
"3936","19","792456"
"3937","19","833262"
"3938","19","910111"
"3939","19","933685"
"3940","19","997151"
"3941","19","1150490"
"3942","19","1163927"
"3943","19","1164076"
"3944","19","1170013"
"3945","19","1171757"
"3946","19","1182998"
"3947","19","1252885"
"3948","19","1252887"
"3949","19","1253013"
"3950","19","1253785"
"3951","19","1253786"
"3952","19","1254046"
"3953","19","1254054"
"3954","19","1254675"
"3955","19","1255364"
"3956","19","1258061"
"3957","19","1259931"
"3958","19","1262775"
"3959","19","1262824"
"3960","19","1263862"
"3961","19","1265053"
"3962","19","1269751"
"3963","19","1269927"
"3964","19","1276574"
"3965","19","1276764"
"3966","19","1276765"
"3967","19","1276767"
"3968","19","1277841"
"3969","19","1278532"
"3970","19","1278969"
"3971","19","1513023"
"3972","19","1519030"
"3973","19","1631992"
"3974","19","1644932"
"3975","19","1680018"
"3976","19","1694498"
"3977","19","1698103"
"3978","19","1712808"
"3979","19","1726156"
"3980","19","1730097"
"3981","19","1733782"
"3982","19","1816338"
"3983","19","1840982"
"3984","19","1849069"
"3985","19","2062944"
"3986","19","2090990"
"3987","19","2113115"
"3988","19","2130421"
"3989","19","2157343"
"3990","19","2179537"
"3991","19","2210247"
"3992","19","2216645"
"3993","19","2217351"
"3994","19","2284647"
"3995","19","2294206"
"3996","19","2300379"
"3997","19","2318044"
"3998","19","2319133"
"3999","19","2319480"
"4000","19","2320920"
"4001","19","2328952"
"4002","19","2335204"
"4003","19","2335953"
"4004","19","2344600"
"4005","19","2347330"
"4006","19","2347592"
"4007","19","2356454"
"4008","19","2358382"
"4009","19","2366152"
"4010","19","2391893"
"4011","19","2394814"
"4012","19","2394824"
"4013","19","2403094"
"4014","19","2410048"
"4015","19","2429296"
"4016","19","2437798"
"4017","19","2441291"
"4018","19","2451778"
"4019","19","2464470"
"4020","19","2479609"
"4021","19","2514256"
"4022","19","2518878"
"4023","19","2530335"
"4024","19","2634573"
"4025","19","2634579"
"4026","19","2634715"
"4027","19","2634739"
"4028","19","2636910"
"4029","19","2639996"
"4030","19","2640729"
"4031","19","2643071"
"4032","19","2643743"
"4033","19","2644204"
"4034","19","2646327"
"4035","19","2649957"
"4036","19","2650225"
"4037","19","2657996"
"4038","19","2661169"
"4039","19","2761369"
"4040","19","2761524"
"4041","19","2783985"
"4042","19","2790869"
"4043","19","2791067"
"4044","19","2797656"
"4045","19","2803010"
"4046","19","2810833"
"4047","19","2849548"
"4048","19","2907911"
"4049","19","2908032"
"4050","19","2911298"
"4051","19","2918752"
"4052","19","2946447"
"4053","19","2950159"
"4054","19","2972328"
"4055","19","2972350"
"4056","19","2988358"
"4057","19","2988507"
"4058","19","2996944"
"4059","19","3052241"
"4060","19","3053281"
"4061","19","3058780"
"4062","19","3070291"
"4063","19","3106050"
"4064","19","3117409"
"4065","19","3118532"
"4066","19","3167044"
"4067","19","3169070"
"4068","19","3173775"
"4069","19","3181631"
"4070","19","3204509"
"4071","19","3359510"
"4072","19","3394549"
"4073","19","3395380"
"4074","19","3427761"
"4075","19","3468802"
"4076","19","3470821"
"4077","19","3471196"
"4078","19","3553478"
"4079","19","3563843"
"4080","19","3618030"
"4081","19","3645213"
"4082","19","3667991"
"4083","19","3675605"
"4084","19","3687925"
"4085","19","3689560"
"4086","19","3712076"
"4087","19","3832934"
"4088","19","3868326"
"4089","19","3935572"
"4090","19","3982616"
"4091","19","3995050"
"4092","19","3996299"
"4093","19","4081914"
"4094","19","4160610"
"4095","19","4171563"
"4096","19","4174425"
"4097","19","4177703"
"4098","19","4180386"
"4099","19","4188985"
"4100","19","4219762"
"4101","19","4256038"
"4102","19","4305504"
"4103","19","4314550"
"4104","19","4319435"
"4105","19","4373238"
"4106","19","4386387"
"4107","19","4407066"
"4108","19","4422442"
"4109","19","4440076"
"4110","19","4467657"
"4111","19","4499389"
"4112","19","4505542"
"4113","19","4509177"
"4114","19","4520760"
"4115","19","4521816"
"4116","19","4529096"
"4117","19","4535389"
"4118","19","4542975"
"4119","19","4566880"
"4120","19","4569298"
"4121","19","4618057"
"4122","19","4688275"
"4123","19","4711725"
"4124","19","4717560"
"4125","19","4722625"
"4126","19","4739157"
"4127","19","4744091"
"4128","19","4778626"
"4129","19","4779999"
"4130","19","4791160"
"4131","19","4830668"
"4132","19","4880889"
"4133","19","4893591"
"4134","19","4915545"
"4135","19","4917592"
"4136","19","4921402"
"4137","19","4946620"
"4138","19","4987482"
"4139","19","4996248"
"4140","19","5066001"
"4141","19","5091383"
"4142","19","5096798"
"4143","19","5100572"
"4144","19","5107760"
"4145","19","5113779"
"4146","19","5134295"
"4147","19","5156371"
"4148","19","5162512"
"4149","19","5178940"
"4150","19","5224082"
"4151","19","5224151"
"4152","19","5229794"
"4153","19","5247415"
"4154","19","5317058"
"4155","19","5324105"
"4156","19","5333689"
"4157","19","5339631"
"4158","19","5351428"
"4159","19","5356868"
"4160","19","5406421"
"4161","19","5408406"
"4162","19","5422191"
"4163","19","5441492"
"4164","19","5443910"
"4165","19","5540831"
"4166","19","5549222"
"4167","19","5563397"
"4168","19","5775863"
"4169","19","5780802"
"4170","19","5928065"
"4171","19","5937615"
"4172","19","5943865"
"4173","19","6058560"
"4174","19","6174041"
"4175","19","6176823"
"4176","19","6301965"
"4177","19","6691227"
"4178","19","7260219"
"4179","19","7262464"
"4180","20","60019"
"4181","20","178522"
"4182","20","219057"
"4183","20","255683"
"4184","20","259245"
"4185","20","281133"
"4186","20","281184"
"4187","20","286245"
"4188","20","294421"
"4189","20","298117"
"4190","20","299137"
"4191","20","304081"
"4192","20","320871"
"4193","20","339219"
"4194","20","360630"
"4195","20","361058"
"4196","20","377241"
"4197","20","491687"
"4198","20","492944"
"4199","20","498817"
"4200","20","509987"
"4201","20","514171"
"4202","20","524901"
"4203","20","533690"
"4204","20","572665"
"4205","20","629634"
"4206","20","668732"
"4207","20","679550"
"4208","20","686502"
"4209","20","712861"
"4210","20","729581"
"4211","20","741240"
"4212","20","749795"
"4213","20","756135"
"4214","20","792456"
"4215","20","833262"
"4216","20","935264"
"4217","20","1150490"
"4218","20","1163224"
"4219","20","1164076"
"4220","20","1181611"
"4221","20","1209562"
"4222","20","1218667"
"4223","20","1252885"
"4224","20","1252887"
"4225","20","1253013"
"4226","20","1253785"
"4227","20","1253786"
"4228","20","1254054"
"4229","20","1254675"
"4230","20","1258099"
"4231","20","1262574"
"4232","20","1262824"
"4233","20","1263293"
"4234","20","1263309"
"4235","20","1263311"
"4236","20","1265053"
"4237","20","1269751"
"4238","20","1272513"
"4239","20","1274553"
"4240","20","1274837"
"4241","20","1276736"
"4242","20","1276948"
"4243","20","1277841"
"4244","20","1282027"
"4245","20","1348818"
"4246","20","1490140"
"4247","20","1508943"
"4248","20","1513023"
"4249","20","1519030"
"4250","20","1608452"
"4251","20","1635283"
"4252","20","1639002"
"4253","20","1694498"
"4254","20","1700360"
"4255","20","1707049"
"4256","20","1708291"
"4257","20","1712808"
"4258","20","1714441"
"4259","20","1722433"
"4260","20","1725919"
"4261","20","1730097"
"4262","20","1851368"
"4263","20","1854530"
"4264","20","1863611"
"4265","20","1864557"
"4266","20","2098329"
"4267","20","2113115"
"4268","20","2130421"
"4269","20","2154219"
"4270","20","2157343"
"4271","20","2171168"
"4272","20","2173741"
"4273","20","2179537"
"4274","20","2186280"
"4275","20","2216645"
"4276","20","2284647"
"4277","20","2294206"
"4278","20","2300379"
"4279","20","2301639"
"4280","20","2328090"
"4281","20","2330719"
"4282","20","2335953"
"4283","20","2343252"
"4284","20","2344600"
"4285","20","2347209"
"4286","20","2347330"
"4287","20","2347592"
"4288","20","2356454"
"4289","20","2358382"
"4290","20","2361082"
"4291","20","2365267"
"4292","20","2387495"
"4293","20","2391893"
"4294","20","2394824"
"4295","20","2403094"
"4296","20","2410048"
"4297","20","2420884"
"4298","20","2426240"
"4299","20","2429296"
"4300","20","2451778"
"4301","20","2464470"
"4302","20","2479609"
"4303","20","2485926"
"4304","20","2487452"
"4305","20","2501152"
"4306","20","2507480"
"4307","20","2516443"
"4308","20","2522713"
"4309","20","2523650"
"4310","20","2525646"
"4311","20","2548885"
"4312","20","2634573"
"4313","20","2634579"
"4314","20","2638703"
"4315","20","2640729"
"4316","20","2641810"
"4317","20","2643071"
"4318","20","2643743"
"4319","20","2647644"
"4320","20","2649024"
"4321","20","2650023"
"4322","20","2651048"
"4323","20","2654675"
"4324","20","2657996"
"4325","20","2658377"
"4326","20","2658761"
"4327","20","2659127"
"4328","20","2659496"
"4329","20","2661169"
"4330","20","2661552"
"4331","20","2661646"
"4332","20","2721259"
"4333","20","2745912"
"4334","20","2747891"
"4335","20","2749234"
"4336","20","2755003"
"4337","20","2756059"
"4338","20","2756161"
"4339","20","2759794"
"4340","20","2761369"
"4341","20","2782067"
"4342","20","2783985"
"4343","20","2789786"
"4344","20","2790471"
"4345","20","2790869"
"4346","20","2791067"
"4347","20","2792360"
"4348","20","2792413"
"4349","20","2796696"
"4350","20","2797656"
"4351","20","2798297"
"4352","20","2800063"
"4353","20","2800866"
"4354","20","2803010"
"4355","20","2803033"
"4356","20","2803160"
"4357","20","2807465"
"4358","20","2812482"
"4359","20","2820256"
"4360","20","2821807"
"4361","20","2825297"
"4362","20","2826287"
"4363","20","2834282"
"4364","20","2834978"
"4365","20","2844265"
"4366","20","2852458"
"4367","20","2853572"
"4368","20","2855328"
"4369","20","2857458"
"4370","20","2867714"
"4371","20","2868936"
"4372","20","2872649"
"4373","20","2873263"
"4374","20","2873891"
"4375","20","2874545"
"4376","20","2879139"
"4377","20","2881485"
"4378","20","2891951"
"4379","20","2893438"
"4380","20","2895044"
"4381","20","2911298"
"4382","20","2911520"
"4383","20","2913192"
"4384","20","2918752"
"4385","20","2921232"
"4386","20","2923544"
"4387","20","2929670"
"4388","20","2931871"
"4389","20","2935022"
"4390","20","2939951"
"4391","20","2940204"
"4392","20","2946447"
"4393","20","2950159"
"4394","20","2951881"
"4395","20","2954172"
"4396","20","2960316"
"4397","20","2968546"
"4398","20","2968705"
"4399","20","2969284"
"4400","20","2969562"
"4401","20","2969679"
"4402","20","2970110"
"4403","20","2971041"
"4404","20","2971053"
"4405","20","2971549"
"4406","20","2972191"
"4407","20","2972315"
"4408","20","2972328"
"4409","20","2972350"
"4410","20","2972811"
"4411","20","2973385"
"4412","20","2974389"
"4413","20","2974678"
"4414","20","2975050"
"4415","20","2975088"
"4416","20","2975349"
"4417","20","2977356"
"4418","20","2980816"
"4419","20","2980916"
"4420","20","2981041"
"4421","20","2982652"
"4422","20","2984513"
"4423","20","2986140"
"4424","20","2988358"
"4425","20","2988507"
"4426","20","2989317"
"4427","20","2989460"
"4428","20","2990919"
"4429","20","2990969"
"4430","20","2990970"
"4431","20","2990999"
"4432","20","2991772"
"4433","20","2992090"
"4434","20","2992229"
"4435","20","2992650"
"4436","20","2993458"
"4437","20","2994144"
"4438","20","2994798"
"4439","20","2995469"
"4440","20","2996944"
"4441","20","2997110"
"4442","20","2997246"
"4443","20","2997336"
"4444","20","2998324"
"4445","20","3005866"
"4446","20","3007477"
"4447","20","3016667"
"4448","20","3017253"
"4449","20","3018074"
"4450","20","3018095"
"4451","20","3018794"
"4452","20","3019265"
"4453","20","3020035"
"4454","20","3020062"
"4455","20","3020307"
"4456","20","3021263"
"4457","20","3021372"
"4458","20","3021411"
"4459","20","3022376"
"4460","20","3024066"
"4461","20","3024597"
"4462","20","3024635"
"4463","20","3025892"
"4464","20","3026083"
"4465","20","3029162"
"4466","20","3029241"
"4467","20","3030300"
"4468","20","3030960"
"4469","20","3030990"
"4470","20","3031582"
"4471","20","3032213"
"4472","20","3033123"
"4473","20","3033415"
"4474","20","3034006"
"4475","20","3034475"
"4476","20","3035409"
"4477","20","3035681"
"4478","20","3035883"
"4479","20","3036784"
"4480","20","3037423"
"4481","20","3037854"
"4482","20","3038634"
"4483","20","3038789"
"4484","20","3046686"
"4485","20","3052241"
"4486","20","3058780"
"4487","20","3064379"
"4488","20","3067696"
"4489","20","3068766"
"4490","20","3070291"
"4491","20","3088461"
"4492","20","3105976"
"4493","20","3106050"
"4494","20","3106672"
"4495","20","3107364"
"4496","20","3117409"
"4497","20","3117735"
"4498","20","3118532"
"4499","20","3120304"
"4500","20","3127461"
"4501","20","3128291"
"4502","20","3129857"
"4503","20","3151770"
"4504","20","3164419"
"4505","20","3164527"
"4506","20","3164603"
"4507","20","3165185"
"4508","20","3165201"
"4509","20","3165524"
"4510","20","3167044"
"4511","20","3168843"
"4512","20","3169070"
"4513","20","3169231"
"4514","20","3169412"
"4515","20","3171058"
"4516","20","3171366"
"4517","20","3171457"
"4518","20","3172394"
"4519","20","3172629"
"4520","20","3173160"
"4521","20","3173435"
"4522","20","3173775"
"4523","20","3174530"
"4524","20","3174638"
"4525","20","3175532"
"4526","20","3176219"
"4527","20","3176959"
"4528","20","3178197"
"4529","20","3180423"
"4530","20","3181554"
"4531","20","3181631"
"4532","20","3181928"
"4533","20","3182179"
"4534","20","3182210"
"4535","20","3182351"
"4536","20","3183364"
"4537","20","3185012"
"4538","20","3204509"
"4539","20","3359510"
"4540","20","3377408"
"4541","20","3385077"
"4542","20","3393465"
"4543","20","3395380"
"4544","20","3406263"
"4545","20","3429576"
"4546","20","3437954"
"4547","20","3439525"
"4548","20","3445596"
"4549","20","3445597"
"4550","20","3447779"
"4551","20","3455784"
"4552","20","3458662"
"4553","20","3459712"
"4554","20","3460005"
"4555","20","3463011"
"4556","20","3465713"
"4557","20","3470821"
"4558","20","3471368"
"4559","20","3471374"
"4560","20","3472520"
"4561","20","3514876"
"4562","20","3563843"
"4563","20","3571824"
"4564","20","3618030"
"4565","20","3667478"
"4566","20","3667991"
"4567","20","3673424"
"4568","20","3675707"
"4569","20","3688928"
"4570","20","3711668"
"4571","20","3712076"
"4572","20","3792392"
"4573","20","3866242"
"4574","20","3935572"
"4575","20","3938396"
"4576","20","3995050"
"4577","20","4062577"
"4578","20","4066811"
"4579","20","4081914"
"4580","20","4094163"
"4581","20","4141363"
"4582","20","4142290"
"4583","20","4148803"
"4584","20","4151352"
"4585","20","4163033"
"4586","20","4165565"
"4587","20","4165637"
"4588","20","4170965"
"4589","20","4171563"
"4590","20","4172372"
"4591","20","4176380"
"4592","20","4177703"
"4593","20","4180531"
"4594","20","4184845"
"4595","20","4186213"
"4596","20","4219762"
"4597","20","4291945"
"4598","20","4292188"
"4599","20","4314550"
"4600","20","4319435"
"4601","20","4330525"
"4602","20","4355585"
"4603","20","4357340"
"4604","20","4382072"
"4605","20","4395052"
"4606","20","4405434"
"4607","20","4407066"
"4608","20","4407237"
"4609","20","4440076"
"4610","20","4460243"
"4611","20","4461574"
"4612","20","4467657"
"4613","20","4475640"
"4614","20","4517698"
"4615","20","4520760"
"4616","20","4543762"
"4617","20","4558475"
"4618","20","4578737"
"4619","20","4608657"
"4620","20","4670300"
"4621","20","4672989"
"4622","20","4683317"
"4623","20","4702828"
"4624","20","4709272"
"4625","20","4716805"
"4626","20","4717560"
"4627","20","4735966"
"4628","20","4744091"
"4629","20","4748993"
"4630","20","4778626"
"4631","20","4791160"
"4632","20","4880889"
"4633","20","4893037"
"4634","20","4893591"
"4635","20","4900373"
"4636","20","4920473"
"4637","20","4932214"
"4638","20","4933743"
"4639","20","4938836"
"4640","20","4957003"
"4641","20","4959473"
"4642","20","4987990"
"4643","20","4996248"
"4644","20","4999837"
"4645","20","5012639"
"4646","20","5044407"
"4647","20","5084868"
"4648","20","5085520"
"4649","20","5095445"
"4650","20","5097315"
"4651","20","5100506"
"4652","20","5100604"
"4653","20","5102213"
"4654","20","5107152"
"4655","20","5126555"
"4656","20","5133273"
"4657","20","5134295"
"4658","20","5134453"
"4659","20","5141502"
"4660","20","5148480"
"4661","20","5149222"
"4662","20","5158164"
"4663","20","5166177"
"4664","20","5174358"
"4665","20","5196220"
"4666","20","5221077"
"4667","20","5224151"
"4668","20","5282835"
"4669","20","5294902"
"4670","20","5304391"
"4671","20","5317058"
"4672","20","5327098"
"4673","20","5327298"
"4674","20","5330582"
"4675","20","5333689"
"4676","20","5336537"
"4677","20","5338122"
"4678","20","5339111"
"4679","20","5359052"
"4680","20","5367565"
"4681","20","5374322"
"4682","20","5379513"
"4683","20","5381515"
"4684","20","5406421"
"4685","20","5422191"
"4686","20","5423294"
"4687","20","5462393"
"4688","20","5601538"
"4689","20","5656882"
"4690","20","5725846"
"4691","20","5774001"
"4692","20","5780026"
"4693","20","5780802"
"4694","20","5884083"
"4695","20","5928065"
"4696","20","5939219"
"4697","20","5941925"
"4698","20","6050610"
"4699","20","6058560"
"4700","20","6173508"
"4701","20","6176823"
"4702","20","6544495"
"4703","20","6640028"
"4704","20","7260219"
"4705","20","7262464"
"4706","20","8504950"
"4707","20","8858113"
"4708","20","11549785"
"4709","21","70979"
"4710","21","95788"
"4711","21","104515"
"4712","21","115019"
"4713","21","126914"
"4714","21","134518"
"4715","21","149606"
"4716","21","150276"
"4717","21","160892"
"4718","21","217745"
"4719","21","284011"
"4720","21","286245"
"4721","21","294421"
"4722","21","298117"
"4723","21","300619"
"4724","21","304013"
"4725","21","304081"
"4726","21","320871"
"4727","21","361702"
"4728","21","377241"
"4729","21","415189"
"4730","21","492944"
"4731","21","563472"
"4732","21","572665"
"4733","21","580660"
"4734","21","590031"
"4735","21","668732"
"4736","21","679452"
"4737","21","711350"
"4738","21","712861"
"4739","21","721239"
"4740","21","729114"
"4741","21","741240"
"4742","21","749795"
"4743","21","750605"
"4744","21","791580"
"4745","21","792456"
"4746","21","933366"
"4747","21","1138958"
"4748","21","1141269"
"4749","21","1150490"
"4750","21","1163927"
"4751","21","1164076"
"4752","21","1169825"
"4753","21","1170013"
"4754","21","1172451"
"4755","21","1176734"
"4756","21","1209562"
"4757","21","1217362"
"4758","21","1252885"
"4759","21","1252948"
"4760","21","1253150"
"4761","21","1253286"
"4762","21","1253785"
"4763","21","1253786"
"4764","21","1254360"
"4765","21","1254373"
"4766","21","1254675"
"4767","21","1255122"
"4768","21","1255211"
"4769","21","1255254"
"4770","21","1256029"
"4771","21","1256731"
"4772","21","1257456"
"4773","21","1258290"
"4774","21","1258292"
"4775","21","1258352"
"4776","21","1258474"
"4777","21","1258932"
"4778","21","1259012"
"4779","21","1259429"
"4780","21","1259905"
"4781","21","1259931"
"4782","21","1259986"
"4783","21","1260716"
"4784","21","1260718"
"4785","21","1261529"
"4786","21","1262253"
"4787","21","1262321"
"4788","21","1262574"
"4789","21","1262824"
"4790","21","1263309"
"4791","21","1263311"
"4792","21","1263780"
"4793","21","1264010"
"4794","21","1264455"
"4795","21","1264489"
"4796","21","1265053"
"4797","21","1265555"
"4798","21","1266209"
"4799","21","1266305"
"4800","21","1267648"
"4801","21","1268059"
"4802","21","1268214"
"4803","21","1268680"
"4804","21","1269751"
"4805","21","1269843"
"4806","21","1269935"
"4807","21","1270349"
"4808","21","1271113"
"4809","21","1272051"
"4810","21","1272181"
"4811","21","1272502"
"4812","21","1272639"
"4813","21","1272892"
"4814","21","1273294"
"4815","21","1273800"
"4816","21","1273874"
"4817","21","1274430"
"4818","21","1274987"
"4819","21","1275558"
"4820","21","1275701"
"4821","21","1275738"
"4822","21","1276067"
"4823","21","1276509"
"4824","21","1276533"
"4825","21","1276948"
"4826","21","1277289"
"4827","21","1277397"
"4828","21","1277398"
"4829","21","1277661"
"4830","21","1277841"
"4831","21","1278017"
"4832","21","1278432"
"4833","21","1278672"
"4834","21","1278815"
"4835","21","1279228"
"4836","21","1279233"
"4837","21","1279259"
"4838","21","1279335"
"4839","21","1279396"
"4840","21","1283401"
"4841","21","1513023"
"4842","21","1519030"
"4843","21","1608452"
"4844","21","1641792"
"4845","21","1645457"
"4846","21","1649824"
"4847","21","1670310"
"4848","21","1694498"
"4849","21","1695462"
"4850","21","1698103"
"4851","21","1698829"
"4852","21","1698839"
"4853","21","1712808"
"4854","21","1713226"
"4855","21","1725919"
"4856","21","1730097"
"4857","21","1734313"
"4858","21","1848004"
"4859","21","1852849"
"4860","21","1854022"
"4861","21","1854026"
"4862","21","1865309"
"4863","21","1898359"
"4864","21","1937031"
"4865","21","2025339"
"4866","21","2113115"
"4867","21","2130421"
"4868","21","2186280"
"4869","21","2202064"
"4870","21","2216645"
"4871","21","2217351"
"4872","21","2223293"
"4873","21","2225991"
"4874","21","2267057"
"4875","21","2278158"
"4876","21","2284647"
"4877","21","2294206"
"4878","21","2300379"
"4879","21","2310046"
"4880","21","2328090"
"4881","21","2335333"
"4882","21","2339156"
"4883","21","2344600"
"4884","21","2347209"
"4885","21","2356454"
"4886","21","2358100"
"4887","21","2359608"
"4888","21","2391893"
"4889","21","2394824"
"4890","21","2410048"
"4891","21","2420884"
"4892","21","2426240"
"4893","21","2451778"
"4894","21","2501152"
"4895","21","2513145"
"4896","21","2516797"
"4897","21","2520645"
"4898","21","2521215"
"4899","21","2530335"
"4900","21","2537763"
"4901","21","2548885"
"4902","21","2638678"
"4903","21","2640729"
"4904","21","2641810"
"4905","21","2642593"
"4906","21","2643071"
"4907","21","2646327"
"4908","21","2649322"
"4909","21","2650023"
"4910","21","2656173"
"4911","21","2661169"
"4912","21","2661646"
"4913","21","2734106"
"4914","21","2740637"
"4915","21","2742032"
"4916","21","2755476"
"4917","21","2759794"
"4918","21","2782067"
"4919","21","2791067"
"4920","21","2803010"
"4921","21","2803033"
"4922","21","2891122"
"4923","21","2923544"
"4924","21","2940204"
"4925","21","2983770"
"4926","21","2988358"
"4927","21","2988507"
"4928","21","3016702"
"4929","21","3021263"
"4930","21","3052241"
"4931","21","3055685"
"4932","21","3070291"
"4933","21","3106050"
"4934","21","3110983"
"4935","21","3111348"
"4936","21","3113415"
"4937","21","3114957"
"4938","21","3128760"
"4939","21","3151770"
"4940","21","3164603"
"4941","21","3167044"
"4942","21","3169070"
"4943","21","3173775"
"4944","21","3174638"
"4945","21","3177337"
"4946","21","3178229"
"4947","21","3181631"
"4948","21","3182351"
"4949","21","3204509"
"4950","21","3385077"
"4951","21","3387202"
"4952","21","3400969"
"4953","21","3402724"
"4954","21","3404545"
"4955","21","3426691"
"4956","21","3437954"
"4957","21","3441702"
"4958","21","3452440"
"4959","21","3455769"
"4960","21","3457247"
"4961","21","3458494"
"4962","21","3462535"
"4963","21","3465487"
"4964","21","3465713"
"4965","21","3465881"
"4966","21","3466641"
"4967","21","3466704"
"4968","21","3470821"
"4969","21","3563843"
"4970","21","3573989"
"4971","21","3591833"
"4972","21","3617095"
"4973","21","3645213"
"4974","21","3648559"
"4975","21","3650721"
"4976","21","3667991"
"4977","21","3687925"
"4978","21","3689205"
"4979","21","3689206"
"4980","21","3690875"
"4981","21","3711668"
"4982","21","3712076"
"4983","21","3841956"
"4984","21","3896218"
"4985","21","3935572"
"4986","21","3936456"
"4987","21","3945985"
"4988","21","3980190"
"4989","21","3995050"
"4990","21","4081914"
"4991","21","4176380"
"4992","21","4186213"
"4993","21","4219762"
"4994","21","4260210"
"4995","21","4274277"
"4996","21","4319435"
"4997","21","4355585"
"4998","21","4386387"
"4999","21","4440076"
"5000","21","4520760"
"5001","21","4529096"
"5002","21","4563243"
"5003","21","4717560"
"5004","21","4735702"
"5005","21","4735966"
"5006","21","4932214"
"5007","21","4934500"
"5008","21","4941720"
"5009","21","4987482"
"5010","21","4987990"
"5011","21","4996248"
"5012","21","5011908"
"5013","21","5015618"
"5014","21","5100604"
"5015","21","5107152"
"5016","21","5134295"
"5017","21","5149222"
"5018","21","5159537"
"5019","21","5160783"
"5020","21","5262838"
"5021","21","5294810"
"5022","21","5327298"
"5023","21","5344147"
"5024","21","5367565"
"5025","21","5381002"
"5026","21","5387288"
"5027","21","5454711"
"5028","21","5509952"
"5029","21","5527953"
"5030","21","5587698"
"5031","21","5780802"
"5032","21","5799625"
"5033","21","6158357"
"5034","21","6362987"
"5035","21","7260219"
"5036","21","8224783"
